water,water,water,grass,grass,grass,bush,bush,wall,wall,wall,wall,wall,wall,wall,wall,wall,bush,bush,grass,grass,grass,water,water,water,water,water,water,water,water,water,water
water,water,water,grass,grass,bush,bush,wall,wall,wall,wall,wall,wall,wall,wall,wall,wall,wall,bush,bush,grass,grass,grass,grass,water,water,water,water,water,water,water,water
water,water,water,grass,grass,bush,wall,wall,wall,wall,wall,wall,wall,wall,wall,wall,wall,wall,bush,bush,bush,grass,grass,grass,grass,grass,grass,water,water,water,water,water
water,water,water,grass,grass,bush,wall,wall,wall,wall,wall,wall,wall,wall,wall,wall,wall,wall,wall,bush,bush,bush,grass,grass,grass,grass,grass,water,water,water,water,water
water,water,water,grass,grass,bush,wall,wall,wall,wall,wall,wall,wall,wall,wall,wall,wall,wall,wall,bush,bush,bush,bush,bush,bush,grass,grass,grass,water,water,water,water
water,water,water,grass,bush,bush,wall,wall,wall,wall,wall,wall,wall,wall,wall,wall,wall,wall,bush,bush,bush,bush,bush,bush,bush,bush,grass,grass,water,water,water,water
water,water,water,grass,bush,wall,wall,wall,wall,wall,wall,wall,wall,wall,wall,wall,wall,bush,bush,bush,bush,bush,bush,bush,bush,bush,grass,grass,water,water,water,water
water,water,grass,grass,bush,wall,wall,wall,wall,wall,wall,wall,wall,wall,wall,wall,bush,bush,bush,bush,bush,bush,bush,wall,wall,bush,bush,grass,water,water,water,water
water,grass,grass,bush,bush,wall,wall,wall,wall,wall,wall,wall,wall,wall,wall,bush,bush,bush,bush,bush,bush,bush,bush,wall,wall,bush,bush,grass,grass,water,water,water
grass,grass,grass,bush,wall,wall,wall,wall,wall,wall,wall,wall,wall,wall,wall,bush,bush,bush,grass,grass,bush,bush,bush,wall,wall,wall,bush,bush,grass,grass,grass,water
grass,grass,bush,bush,wall,wall,wall,wall,wall,wall,wall,wall,wall,wall,bush,bush,bush,grass,grass,grass,grass,bush,bush,wall,wall,wall,wall,bush,bush,grass,grass,grass
grass,bush,bush,wall,wall,wall,wall,wall,wall,wall,wall,wall,wall,wall,bush,bush,bush,grass,grass,grass,grass,bush,bush,wall,wall,wall,wall,bush,bush,bush,grass,grass
bush,bush,wall,wall,wall,wall,wall,wall,wall,wall,wall,wall,wall,bush,bush,bush,bush,grass,grass,grass,grass,bush,bush,bush,wall,wall,wall,wall,bush,bush,bush,bush
bush,bush,wall,wall,wall,wall,wall,wall,wall,wall,wall,wall,bush,bush,bush,bush,grass,grass,grass,grass,grass,grass,bush,bush,wall,wall,wall,wall,wall,bush,bush,bush
wall,wall,wall,wall,wall,wall,wall,wall,wall,bush,bush,bush,bush,bush,bush,grass,grass,grass,grass,grass,grass,grass,grass,bush,bush,bush,wall,wall,wall,wall,bush,bush
wall,wall,wall,wall,wall,wall,wall,bush,bush,bush,bush,bush,bush,bush,bush,grass,grass,grass,water,water,water,grass,grass,grass,bush,bush,bush,wall,wall,wall,wall,wall
wall,wall,wall,wall,wall,wall,bush,bush,bush,bush,bush,bush,bush,bush,grass,grass,grass,water,water,water,water,water,grass,grass,grass,bush,bush,bush,bush,wall,wall,wall
wall,wall,wall,wall,wall,bush,bush,bush,bush,bush,bush,bush,bush,grass,grass,grass,water,water,water,water,water,water,water,grass,grass,grass,bush,bush,bush,bush,wall,wall
wall,wall,wall,wall,wall,bush,bush,bush,bush,bush,bush,bush,bush,grass,grass,grass,water,water,water,water,water,water,water,water,water,grass,grass,bush,bush,bush,bush,wall
wall,wall,wall,wall,wall,bush,bush,bush,bush,grass,grass,grass,grass,grass,grass,grass,water,water,water,water,water,water,water,water,water,grass,grass,grass,bush,bush,bush,wall
wall,wall,wall,wall,wall,bush,bush,bush,bush,grass,grass,grass,grass,grass,grass,grass,water,water,water,water,water,water,water,water,water,water,grass,grass,grass,bush,bush,bush
bush,wall,wall,wall,wall,bush,bush,bush,bush,bush,grass,grass,grass,grass,grass,grass,water,water,water,water,water,water,water,water,water,water,water,grass,grass,grass,bush,bush
bush,wall,wall,wall,wall,bush,bush,bush,bush,bush,grass,grass,grass,grass,grass,grass,water,water,water,water,water,water,water,water,water,water,water,grass,grass,grass,grass,bush
bush,bush,bush,bush,bush,bush,bush,bush,bush,bush,grass,grass,grass,grass,grass,grass,water,water,water,water,water,water,water,water,water,water,water,water,grass,grass,grass,bush
bush,bush,bush,bush,bush,bush,bush,bush,bush,grass,grass,grass,grass,grass,grass,grass,water,water,water,water,water,water,water,water,water,water,water,water,water,grass,grass,grass
grass,grass,grass,bush,bush,bush,grass,grass,grass,grass,grass,grass,grass,grass,grass,grass,water,water,water,water,water,water,water,water,water,water,water,water,water,grass,grass,grass
grass,grass,grass,grass,grass,grass,grass,grass,grass,grass,grass,grass,grass,grass,grass,grass,grass,water,water,water,water,water,water,water,water,water,water,water,water,water,grass,grass
grass,grass,grass,grass,grass,grass,grass,grass,grass,grass,grass,grass,bush,bush,grass,grass,grass,water,water,water,water,water,water,water,water,water,water,water,water,water,water,grass
grass,grass,grass,grass,grass,grass,grass,grass,grass,grass,bush,bush,bush,bush,bush,bush,grass,grass,water,water,water,water,water,water,water,water,water,water,water,water,water,water
grass,grass,grass,grass,grass,grass,grass,grass,grass,bush,bush,bush,bush,bush,bush,bush,bush,grass,grass,water,water,water,water,water,water,water,water,water,water,water,water,water
water,water,grass,grass,grass,grass,grass,bush,bush,bush,bush,bush,wall,wall,wall,bush,bush,bush,grass,grass,water,water,water,water,water,water,water,water,water,water,water,water
water,water,grass,grass,grass,grass,bush,bush,bush,wall,wall,wall,wall,wall,wall,wall,bush,bush,grass,grass,grass,water,water,water,water,water,water,water,water,water,water,water